{"cameraMode":{"drawMode":0,"name":"Shaded","section":"Shading Mode"},"sceneLighting":true,"audioPlay":false,"sceneViewState":{"m_AlwaysRefresh":false,"showFog":true,"showSkybox":true,"showFlares":true,"showImageEffects":true,"showParticleSystems":true,"showVisualEffectGraphs":true,"m_FxEnabled":true},"in2DMode":false,"pivot":{"x":-9.22716236114502,"y":2.2598955631256105,"z":2.006770133972168},"rotation":{"x":0.09916231781244278,"y":-0.000851056189276278,"z":0.0004482258518692106,"w":0.9952965974807739},"size":1.0029821395874024,"orthographic":false}